Query	Parent	Child
spoonfeed||spoonfeed.v.02	drill||drill.v.04	pseudo leaf
walk||walk.v.06	hold||hold.v.14	pseudo leaf
set||set.v.05	make||make.v.02	pseudo leaf
look||look.v.09	match||match.v.01	pseudo leaf
charge||charge.v.17	position||position.v.01	pseudo leaf
decorate||decorate.v.01	illuminate||illuminate.v.03	pseudo leaf
jump||jump.v.08	arrive||arrive.v.01	pseudo leaf
weld||weld.v.01	splice||splice.v.04	pseudo leaf
rabbet||rabbet.v.02	cut||cut.v.01	incise||incise.v.01
perk_up||perk_up.v.01	better||better.v.03	pseudo leaf
roughcast||roughcast.v.02	shave||shave.v.01	pseudo leaf
receive||receive.v.05	pseudo root	claim||claim.v.01
show||show.v.10	read||read.v.08	pseudo leaf
flash||flash.v.04	express||express.v.02	pseudo leaf
bream||bream.v.01	shave||shave.v.06	pseudo leaf
tin||tin.v.03	coat||coat.v.01	pseudo leaf
nest||nest.v.04	gather||gather.v.01	pseudo leaf
stretch||stretch.v.02	pseudo root	swan||swan.v.03
agree||agree.v.02	agree||agree.v.01	see_eye_to_eye||see_eye_to_eye.v.01
anneal||anneal.v.01	change||change.v.01	pseudo leaf
read||read.v.04	register||register.v.01	pseudo leaf
draw||draw.v.04	create_by_mental_act||create_by_mental_act.v.01	pseudo leaf
grow||grow.v.04	develop||develop.v.12	pseudo leaf
play||play.v.06	act||act.v.03	pseudo leaf
fix||fix.v.12	attach||attach.v.01	pseudo leaf
ice_up||ice_up.v.01	stain||stain.v.02	pseudo leaf
stumble||stumble.v.03	pseudo root	pseudo leaf
foul_out||foul_out.v.01	hit||hit.v.01	pseudo leaf
presume||presume.v.04	wrong||wrong.v.01	pseudo leaf
set||set.v.05	make||make.v.02	pseudo leaf
sieve||sieve.v.02	calculate||calculate.v.01	pseudo leaf
deliver||deliver.v.02	bring||bring.v.01	pseudo leaf
dispatch||dispatch.v.05	kill||kill.v.01	pseudo leaf
point||point.v.09	write||write.v.02	pseudo leaf
visit||visit.v.08	assail||assail.v.01	pseudo leaf
backfire||backfire.v.02	ignite||ignite.v.01	pseudo leaf
betray||betray.v.01	unwrap||unwrap.v.02	pseudo leaf
derate||derate.v.01	better||better.v.02	pseudo leaf
clarion||clarion.v.01	blow||blow.v.02	pseudo leaf
decouple||decouple.v.02	denote||denote.v.02	pseudo leaf
fulminate||fulminate.v.03	break||break.v.02	pseudo leaf
have||have.v.02	pseudo root	pseudo leaf
lexicalize||lexicalize.v.01	design||design.v.04	pseudo leaf
hoax||hoax.v.01	deceive||deceive.v.02	pseudo leaf
nobble||nobble.v.04	disable||disable.v.01	pseudo leaf
tape||tape.v.01	fasten||fasten.v.01	pseudo leaf
affect||affect.v.01	change||change.v.01	pseudo leaf
examine||examine.v.02	visualize||visualize.v.02	pseudo leaf
pledge||pledge.v.01	promise||promise.v.01	pseudo leaf
extend||extend.v.06	lie||lie.v.01	pseudo leaf
activate||activate.v.05	change||change.v.01	pseudo leaf
destalinize||destalinize.v.01	qualify||qualify.v.04	pseudo leaf
discharge||discharge.v.10	fall||fall.v.21	pseudo leaf
scale||scale.v.08	characterize||characterize.v.02	pseudo leaf
kayak||kayak.v.01	boat||boat.v.01	pseudo leaf
trickle||trickle.v.01	flush||flush.v.02	pseudo leaf
bunk_off||bunk_off.v.01	perform||perform.v.01	pseudo leaf
incarnate||incarnate.v.02	mock||mock.v.02	pseudo leaf
bring||bring.v.06	lead||lead.v.01	pseudo leaf
stand||stand.v.01	lie||lie.v.01	pseudo leaf
jot_down||jot_down.v.01	write_down||write_down.v.01	pseudo leaf
x-ray||x-ray.v.01	find||find.v.03	pseudo leaf
perturb||perturb.v.01	disturb||disturb.v.01	pseudo leaf
confirm||confirm.v.05	authorize||authorize.v.01	pseudo leaf
noose||noose.v.01	sew||sew.v.01	pseudo leaf
dehydrogenate||dehydrogenate.v.01	change||change.v.02	pseudo leaf
move_in||move_in.v.03	move||move.v.04	pseudo leaf
sectionalize||sectionalize.v.01	divide||divide.v.01	pseudo leaf
machicolate||machicolate.v.01	give||give.v.03	pseudo leaf
bring_up||bring_up.v.05	rein||rein.v.03	pseudo leaf
rap||rap.v.03	sing||sing.v.02	pseudo leaf
desire||desire.v.03	pseudo root	disclaim||disclaim.v.02
impress||impress.v.03	pseudo root	pseudo leaf
amend||amend.v.01	develop||develop.v.01	pseudo leaf
pertain||pertain.v.02	know||know.v.07	pseudo leaf
hydrate||hydrate.v.01	fill||fill.v.01	pseudo leaf
overlie||overlie.v.02	kill||kill.v.01	pseudo leaf
bilge||bilge.v.01	change||change.v.02	pseudo leaf
flip||flip.v.05	propel||propel.v.01	pseudo leaf
pin_down||pin_down.v.01	denote||denote.v.02	pseudo leaf
double_over||double_over.v.01	head||head.v.07	pseudo leaf
file_out||file_out.v.01	march||march.v.02	pseudo leaf
close||close.v.15	limit||limit.v.02	pseudo leaf
sugar||sugar.v.01	shave||shave.v.01	pseudo leaf
rag||rag.v.03	play||play.v.03	pseudo leaf
temper||temper.v.04	change||change.v.01	pseudo leaf
theologize||theologize.v.01	think||think.v.01	pseudo leaf
uproot||uproot.v.01	transfer||transfer.v.02	pseudo leaf
hop||hop.v.06	travel||travel.v.01	pseudo leaf
subject||subject.v.02	distinguish||distinguish.v.01	pseudo leaf
harmonize||harmonize.v.02	compose||compose.v.02	pseudo leaf
collide||collide.v.02	malfunction||malfunction.v.01	pseudo leaf
come||come.v.20	exhaust||exhaust.v.05	pseudo leaf
fly||fly.v.05	drive||drive.v.01	pseudo leaf
endanger||endanger.v.01	persuade||persuade.v.02	prevail||prevail.v.05
ozonize||ozonize.v.01	change||change.v.01	pseudo leaf
erupt||erupt.v.04	change||change.v.02	pseudo leaf
beat||beat.v.13	pseudo root	deplume||deplume.v.01
supinate||supinate.v.01	turn||turn.v.01	pseudo leaf
touch||touch.v.01	cause_to_be_perceived||cause_to_be_perceived.v.01	pseudo leaf
come_to_life||come_to_life.v.02	become||become.v.03	pseudo leaf
excavate||excavate.v.02	reap||reap.v.01	cut||cut.v.28
intermarry||intermarry.v.01	marry||marry.v.01	pseudo leaf
misally||misally.v.01	work||work.v.01	protect||protect.v.02
avert||avert.v.02	turn||turn.v.01	pseudo leaf
spat||spat.v.06	breed||breed.v.04	pseudo leaf
leapfrog||leapfrog.v.02	get_down||get_down.v.07	pseudo leaf
sink||sink.v.04	descend||descend.v.01	sink||sink.v.05
reduce||reduce.v.03	decrease||decrease.v.02	pseudo leaf
desensitize||desensitize.v.02	change||change.v.01	pseudo leaf
unhook||unhook.v.01	unfasten||unfasten.v.01	pseudo leaf
spring||spring.v.04	grow||grow.v.02	pseudo leaf
fall||fall.v.26	perceive||perceive.v.01	pseudo leaf
backfire||backfire.v.01	senesce||senesce.v.01	pseudo leaf
design||design.v.06	create_by_mental_act||create_by_mental_act.v.01	pseudo leaf
reside||reside.v.01	populate||populate.v.01	pseudo leaf
stiffen||stiffen.v.01	change||change.v.01	pseudo leaf
bode||bode.v.01	indicate||indicate.v.02	pseudo leaf
ride||ride.v.02	travel||travel.v.05	red-eye||red-eye.v.01
confess||confess.v.03	affirm||affirm.v.02	pseudo leaf
betray||betray.v.01	unwrap||unwrap.v.02	pseudo leaf
decontaminate||decontaminate.v.01	get_rid_of||get_rid_of.v.01	pseudo leaf
misdate||misdate.v.01	name||name.v.01	pseudo leaf
rarefy||rarefy.v.02	change||change.v.01	pseudo leaf
behoove||behoove.v.01	exist||exist.v.01	pseudo leaf
transpire||transpire.v.02	exhaust||exhaust.v.05	pseudo leaf
decamp||decamp.v.03	leave||leave.v.01	pseudo leaf
deploy||deploy.v.01	move||move.v.02	goose||train.withdef.242
say||say.v.11	indicate||indicate.v.02	pseudo leaf
die||die.v.05	dislike||dislike.v.01	pseudo leaf
diphthongize||diphthongize.v.01	change||change.v.01	pseudo leaf
pass||pass.v.14	score||score.v.06	pseudo leaf
amerce||amerce.v.01	punish||punish.v.01	pseudo leaf
soft-soap||soft-soap.v.02	flatter||flatter.v.01	pseudo leaf
slip||slip.v.09	push||push.v.01	pseudo leaf
swear||swear.v.03	promise||promise.v.01	pseudo leaf
lock||lock.v.03	tighten||tighten.v.02	pseudo leaf
ferry||ferry.v.02	bring||bring.v.01	pseudo leaf
cry_out_for||cry_out_for.v.01	refrain||refrain.v.01	pseudo leaf
partition||partition.v.02	separate||separate.v.07	pseudo leaf
sponsor||sponsor.v.02	help||help.v.01	pseudo leaf
transpire||transpire.v.05	exude||exude.v.01	pseudo leaf
compliment||compliment.v.01	cover||cover.v.05	pseudo leaf
fistfight||fistfight.v.01	contend||contend.v.06	pseudo leaf
checker||checker.v.02	color||color.v.01	pseudo leaf
visit||visit.v.04	visit||visit.v.03	see||see.v.11
tack||tack.v.02	reorient||reorient.v.02	pseudo leaf
prosecute||prosecute.v.02	victimize||victimize.v.01	pseudo leaf
rear_back||rear_back.v.02	startle||startle.v.02	pseudo leaf
euphemize||euphemize.v.01	represent||represent.v.05	pseudo leaf
lubricate||lubricate.v.01	change||change.v.02	pseudo leaf
strew||strew.v.02	pseudo root	pass_off||pass_off.v.03
adjust||adjust.v.04	change||change.v.01	misalign||misalign.v.01
fry||fry.v.01	emit||emit.v.02	pseudo leaf
reinsure||reinsure.v.03	charge||charge.v.18	pseudo leaf
lacquer||lacquer.v.01	fancify||fancify.v.01	pseudo leaf
deflate||deflate.v.01	break||break.v.02	pseudo leaf
save||save.v.06	pseudo root	burn_off||burn_off.v.01
luxuriate||luxuriate.v.03	better||better.v.03	pseudo leaf
subluxate||subluxate.v.01	bruise||bruise.v.01	pseudo leaf
satisfice||satisfice.v.01	decide||decide.v.01	pseudo leaf
contort||contort.v.01	change_shape||change_shape.v.01	pleach||pleach.v.02
demolish||demolish.v.01	unmake||unmake.v.01	pseudo leaf
rip_out||rip_out.v.01	emit||emit.v.02	pseudo leaf
take||take.v.33	buy||buy.v.01	pseudo leaf
document||document.v.01	record||record.v.01	pseudo leaf
subvert||subvert.v.04	destroy||destroy.v.01	pseudo leaf
spoonfeed||spoonfeed.v.01	provide||provide.v.02	pseudo leaf
ruminate||ruminate.v.01	chew||chew.v.01	pseudo leaf
heliograph||heliograph.v.01	telecommunicate||telecommunicate.v.01	pseudo leaf
subsume||subsume.v.01	lie||lie.v.01	pseudo leaf
vary||vary.v.04	equal||equal.v.03	tie||tie.v.02
stub||stub.v.01	stir||stir.v.01	pseudo leaf
push_up||push_up.v.01	thrust||thrust.v.01	pseudo leaf
connive||connive.v.01	promote||promote.v.01	pseudo leaf
burst||burst.v.08	break_in||break_in.v.05	pseudo leaf
kiboze||test.test.433	research||research.v.02	pseudo leaf
step_on||step_on.v.01	pull||pull.v.01	pseudo leaf
vent||vent.v.01	express||express.v.01	pseudo leaf
cork||cork.v.02	propagate||propagate.v.07	pseudo leaf
clear||clear.v.24	let_go_of||let_go_of.v.01	pseudo leaf
solemnize||solemnize.v.02	perform||perform.v.02	marry||marry.v.02
rig||rig.v.03	join||join.v.04	pseudo leaf
wash||wash.v.10	change||change.v.02	pseudo leaf
encourage||encourage.v.03	promote||promote.v.01	pseudo leaf
spit||spit.v.02	interact||interact.v.01	pseudo leaf
swing||swing.v.02	walk||walk.v.01	pseudo leaf
draw||draw.v.16	make||make.v.08	pseudo leaf
emote||emote.v.01	cause||cause.v.01	pseudo leaf
ferret_out||ferret_out.v.01	search||search.v.01	pseudo leaf
piddle||piddle.v.01	act||act.v.01	pseudo leaf
instrument||instrument.v.01	equip||equip.v.01	pseudo leaf
alphabetize||alphabetize.v.02	add||add.v.01	pseudo leaf
disadvantage||disadvantage.v.01	distinguish||distinguish.v.01	pseudo leaf
unhand||unhand.v.01	open||open.v.01	pseudo leaf
snap||snap.v.04	hit||hit.v.02	pseudo leaf
design||design.v.05	create||create.v.05	design||design.v.03
chute||chute.v.01	descend||descend.v.01	pseudo leaf
slam||slam.v.02	tap||tap.v.03	pseudo leaf
cheque||cheque.v.01	isolate||isolate.v.02	pseudo leaf
totter||totter.v.01	travel||travel.v.01	pseudo leaf
occupy||occupy.v.02	be||be.v.03	populate||populate.v.01
charge||charge.v.12	charge||charge.v.03	pseudo leaf
flash||flash.v.04	express||express.v.02	pseudo leaf
rationalize||rationalize.v.05	get_rid_of||get_rid_of.v.01	pseudo leaf
map||map.v.06	represent||represent.v.09	pseudo leaf
league||league.v.01	fit||fit.v.07	pseudo leaf
bracket||bracket.v.01	hold||hold.v.10	pseudo leaf
reclaim||reclaim.v.02	convert||convert.v.02	pseudo leaf
tariff||tariff.v.01	compensate||compensate.v.06	pseudo leaf
stand_by||stand_by.v.03	exist||exist.v.02	pseudo leaf
raise||raise.v.23	double||double.v.01	geminate||geminate.v.04
port||port.v.05	bring||bring.v.01	pseudo leaf
point_up||point_up.v.01	background||background.v.01	pseudo leaf
draw_up||draw_up.v.05	stop||stop.v.01	pseudo leaf
move||move.v.03	pseudo root	cock||cock.v.01
walk_out||walk_out.v.03	leave||leave.v.01	pseudo leaf
leaf||leaf.v.03	produce||produce.v.02	pseudo leaf
assibilate||assibilate.v.01	attach||attach.v.01	pseudo leaf
expedite||expedite.v.01	promote||promote.v.01	pseudo leaf
air||air.v.03	circulate||circulate.v.02	pseudo leaf
chop||chop.v.01	cut||cut.v.01	axe||axe.v.01
retrofit||retrofit.v.01	give||give.v.03	pseudo leaf
raven||raven.v.02	hunt||hunt.v.01	pseudo leaf
dabble||dabble.v.03	do||do.v.03	pseudo leaf
interpellate||interpellate.v.01	argue||argue.v.01	pseudo leaf
bear||bear.v.11	use||use.v.01	pseudo leaf
reeve||reeve.v.01	transport||transport.v.01	pseudo leaf
sublimate||sublimate.v.01	attach||attach.v.01	pseudo leaf
draw||draw.v.35	flatten||flatten.v.01	pseudo leaf
jam||jam.v.06	crowd||crowd.v.03	overcrowd||overcrowd.v.02
portray||portray.v.01	represent||represent.v.09	pseudo leaf
punch||punch.v.02	thrust||thrust.v.01	pseudo leaf
reclaim||reclaim.v.01	demand||demand.v.03	pseudo leaf
match||match.v.02	support||support.v.02	pseudo leaf
constitutionalize||constitutionalize.v.01	invest||invest.v.04	pseudo leaf
golf||golf.v.01	play||play.v.01	pseudo leaf
import||import.v.01	bring||bring.v.04	pseudo leaf
control||control.v.05	influence||influence.v.01	pseudo leaf
see||see.v.12	visit||visit.v.03	see||see.v.11
dredge||dredge.v.03	scoop||scoop.v.01	pseudo leaf
photograph||photograph.v.02	change||change.v.02	pseudo leaf
fall_in||fall_in.v.02	move||move.v.04	pseudo leaf
unfold||unfold.v.02	show||show.v.04	pseudo leaf
acclimatize||acclimatize.v.01	become||become.v.03	pseudo leaf
drone||drone.v.01	sound||sound.v.03	pseudo leaf
update||update.v.01	distinguish||distinguish.v.01	pseudo leaf
stay||stay.v.04	continue||continue.v.01	run_on||run_on.v.02
call||call.v.25	express||express.v.02	pseudo leaf
scourge||scourge.v.01	punish||punish.v.01	pseudo leaf
take||take.v.41	buy||buy.v.01	pseudo leaf
carry_a_tune||test.test.527	play||play.v.03	pseudo leaf
break_bread||break_bread.v.01	act||act.v.08	pseudo leaf
spruce_up||spruce_up.v.02	dress||dress.v.02	pseudo leaf
degust||degust.v.01	odorize||odorize.v.01	pseudo leaf
approve||approve.v.02	impute||impute.v.01	pseudo leaf
strip||strip.v.13	undress||undress.v.01	doff||doff.v.01
protect||protect.v.01	screen||screen.v.05	pseudo leaf
tone||tone.v.04	change||change.v.02	pseudo leaf
romanize||romanize.v.01	write||write.v.07	pseudo leaf
antagonize||antagonize.v.02	contend||contend.v.06	pseudo leaf
skim||skim.v.05	coat||coat.v.01	pseudo leaf
vocalize||vocalize.v.05	pronounce||pronounce.v.01	pseudo leaf
rebate||rebate.v.01	debit||debit.v.01	pseudo leaf
rejuvenate||rejuvenate.v.05	senesce||senesce.v.01	pseudo leaf
expatriate||expatriate.v.02	move||move.v.04	pseudo leaf
hack||hack.v.02	manage||manage.v.02	pseudo leaf
come||come.v.21	exist||exist.v.01	pseudo leaf
frog||frog.v.01	hunt||hunt.v.01	grouse||grouse.v.01
shadowbox||shadowbox.v.01	fly||fly.v.03	pseudo leaf
welcome||welcome.v.01	accept||accept.v.03	pseudo leaf
deaccession||deaccession.v.01	sell||sell.v.01	pseudo leaf
supinate||supinate.v.01	turn||turn.v.01	pseudo leaf
corral||corral.v.03	reap||reap.v.01	pseudo leaf
automobile||automobile.v.01	travel||travel.v.05	pseudo leaf
egg||egg.v.01	pelt||pelt.v.01	pseudo leaf
mow||mow.v.01	dissect||dissect.v.01	pseudo leaf
harness||harness.v.03	warm_up||warm_up.v.04	pseudo leaf
tie||tie.v.05	fasten||fasten.v.01	pseudo leaf
epoxy||epoxy.v.01	bind||bind.v.09	pseudo leaf
backhand||backhand.v.01	hit||hit.v.03	pseudo leaf
bounce||bounce.v.02	hit||hit.v.03	pseudo leaf
close||close.v.04	end||end.v.02	pseudo leaf
mellow||mellow.v.02	change||change.v.02	pseudo leaf
constitutionalize||constitutionalize.v.03	regenerate||regenerate.v.01	pseudo leaf
bandy_about||bandy_about.v.01	hash_out||hash_out.v.01	pseudo leaf
preexist||preexist.v.01	occur||occur.v.03	abound_in||abound_in.v.01
unionize||unionize.v.01	hire||hire.v.01	pseudo leaf
construct||construct.v.05	create||create.v.05	pseudo leaf
spiritualize||spiritualize.v.01	interpret||interpret.v.01	pseudo leaf
decompose||decompose.v.01	change_integrity||change_integrity.v.01	pseudo leaf
eject||eject.v.01	remove||remove.v.01	pseudo leaf
slat||slat.v.01	equip||equip.v.01	pseudo leaf
flense||flense.v.01	clear||clear.v.05	pseudo leaf
lump||lump.v.01	arrange||arrange.v.01	chain||chain.v.01
gerrymander||gerrymander.v.01	initiate||initiate.v.02	pseudo leaf
depart||depart.v.03	leave||leave.v.01	plump_out||plump_out.v.01
harmonize||harmonize.v.06	re-create||re-create.v.01	pseudo leaf
fret||fret.v.07	carve||carve.v.01	pseudo leaf
decrescendo||decrescendo.v.01	change||change.v.02	pseudo leaf
become||become.v.01	change||change.v.02	pseudo leaf
shoot||shoot.v.10	emit||emit.v.02	pseudo leaf
source||source.v.02	name||name.v.01	tag||tag.v.03
shamanize||shamanize.v.01	play||play.v.03	pseudo leaf
waste||waste.v.08	change||change.v.01	pseudo leaf
park||park.v.01	rear||rear.v.02	pseudo leaf
feed||feed.v.02	provide||provide.v.02	pseudo leaf
typify||typify.v.01	refer||refer.v.02	pseudo leaf
dedifferentiate||dedifferentiate.v.01	better||better.v.03	pseudo leaf
come_to_life||come_to_life.v.01	mature||mature.v.01	pseudo leaf
plot||plot.v.04	create||create.v.05	pseudo leaf
ask_for_it||ask_for_it.v.01	absorb||absorb.v.09	rivet||rivet.v.03
stipple||stipple.v.01	line||line.v.04	pseudo leaf
mirror||mirror.v.01	subordinate||subordinate.v.01	pseudo leaf
eagle||eagle.v.02	shoot||shoot.v.08	pseudo leaf
fence||fence.v.01	enclose||enclose.v.02	pseudo leaf
jilt||jilt.v.01	kill||kill.v.10	pseudo leaf
involve||involve.v.01	equal||equal.v.03	pseudo leaf
lose||lose.v.06	pseudo root	pseudo leaf
globe-trot||globe-trot.v.01	tour||tour.v.01	pseudo leaf
uniformize||uniformize.v.01	distinguish||distinguish.v.01	pseudo leaf
engage||engage.v.04	order||order.v.01	pseudo leaf
acclaim||acclaim.v.01	impute||impute.v.01	pseudo leaf
mitigate||mitigate.v.02	change||change.v.01	pseudo leaf
hold||hold.v.28	defend||defend.v.02	pseudo leaf
gobsmack||val.withdef.72	touch||touch.v.03	pseudo leaf
lacerate||lacerate.v.01	cleave||cleave.v.01	pseudo leaf
question||question.v.03	address||address.v.01	pseudo leaf
frap||frap.v.01	attach||attach.v.01	pseudo leaf
outweigh||outweigh.v.01	pseudo root	pseudo leaf
shame||shame.v.02	stimulate||stimulate.v.03	pseudo leaf
book||book.v.01	induce||induce.v.02	pseudo leaf
rusticate||rusticate.v.04	color||color.v.01	pseudo leaf
float||float.v.05	travel||travel.v.01	pseudo leaf
resemble||resemble.v.01	equal||equal.v.01	pseudo leaf
tribulate||tribulate.v.01	displease||displease.v.01	pseudo leaf
replant||replant.v.01	lay||lay.v.02	pseudo leaf
bush||bush.v.01	treat||treat.v.03	pseudo leaf
luff||luff.v.02	stir||stir.v.01	pseudo leaf
chillax||test.test.399	change||change.v.02	pseudo leaf
spirit_away||spirit_away.v.02	rout_out||rout_out.v.02	pseudo leaf
predicate||predicate.v.01	specify||specify.v.03	pseudo leaf
catch_on||catch_on.v.02	taste||taste.v.01	pseudo leaf
bolster||bolster.v.02	join||join.v.04	pseudo leaf
ride||ride.v.06	pseudo root	pseudo leaf
grab||grab.v.06	stimulate||stimulate.v.03	pseudo leaf
cudgel||cudgel.v.01	strike||strike.v.01	pseudo leaf
waft||waft.v.01	move||move.v.02	pseudo leaf
lot||lot.v.01	divide||divide.v.01	pseudo leaf
disapprove||disapprove.v.01	dismiss||dismiss.v.01	pseudo leaf
step||step.v.08	put||put.v.01	pseudo leaf
meddle||meddle.v.01	pursue||pursue.v.04	pseudo leaf
gestate||gestate.v.01	present||present.v.02	pseudo leaf
settle||settle.v.12	necessitate||necessitate.v.01	pseudo leaf
crouch||crouch.v.01	change_posture||change_posture.v.01	pseudo leaf
break||break.v.53	happen||happen.v.01	pseudo leaf
accouter||accouter.v.01	give||give.v.03	pseudo leaf
plant||plant.v.05	aim||aim.v.01	pseudo leaf
recapture||recapture.v.01	know||know.v.05	pseudo leaf
precontract||test.test.374	change||change.v.02	pseudo leaf
grind||test.test.448	do||do.v.03	pseudo leaf
twinkle||twinkle.v.02	flash||flash.v.01	pseudo leaf
advance||advance.v.11	travel||travel.v.01	press_on||press_on.v.01
clean||clean.v.01	change||change.v.01	pseudo leaf
hawk||hawk.v.02	hunt||hunt.v.01	pseudo leaf
drizzle||drizzle.v.01	precipitate||precipitate.v.03	pseudo leaf
steal||steal.v.01	snap_up||snap_up.v.01	pseudo leaf
partition||partition.v.01	separate||separate.v.07	pseudo leaf
swim||swim.v.01	travel||travel.v.01	pseudo leaf
transit||transit.v.04	pass||pass.v.22	pseudo leaf
trace||trace.v.03	travel||travel.v.01	pseudo leaf
reverse-engineer||train.withdef.291	duplicate||duplicate.v.03	spawn||train.withdef.113
allowance||allowance.v.01	lend||lend.v.02	pseudo leaf
ratchet||ratchet.v.01	travel||travel.v.01	pseudo leaf
fall||fall.v.09	let_go_of||let_go_of.v.01	pseudo leaf
quantize||quantize.v.01	synchronize||synchronize.v.01	pseudo leaf
submit||submit.v.06	digest||digest.v.03	pseudo leaf
get_off||get_off.v.06	act||act.v.02	pseudo leaf
sin||sin.v.01	wrong||wrong.v.01	pseudo leaf
air-ship||air-ship.v.01	transport||transport.v.01	pseudo leaf
topdress||topdress.v.01	unfold||unfold.v.04	pseudo leaf
reticulate||reticulate.v.01	join||join.v.01	pseudo leaf
saber||saber.v.02	kill||kill.v.01	pseudo leaf
research||research.v.01	analyze||analyze.v.01	pseudo leaf
macadamize||macadamize.v.01	inlay||inlay.v.01	pseudo leaf
vote||vote.v.05	verify||verify.v.01	pseudo leaf
antiquate||antiquate.v.01	change||change.v.01	pseudo leaf
sublime||sublime.v.01	separate||separate.v.05	pseudo leaf
ladle||ladle.v.02	remove||remove.v.01	pseudo leaf
putt||putt.v.02	hit||hit.v.01	pseudo leaf
isomerize||isomerize.v.02	change||change.v.02	pseudo leaf
remainder||remainder.v.01	sell||sell.v.01	pseudo leaf
enamel||enamel.v.01	coat||coat.v.01	pseudo leaf
watch||watch.v.01	look||look.v.01	pseudo leaf
recurve||recurve.v.01	flex||flex.v.05	pseudo leaf
excommunicate||excommunicate.v.01	rid||rid.v.01	pseudo leaf
quench||quench.v.03	strengthen||strengthen.v.01	pseudo leaf
confront||confront.v.04	meet||meet.v.10	front||front.v.02
double-date||double-date.v.01	marry||marry.v.02	pseudo leaf
augment||augment.v.02	multiply||multiply.v.02	pseudo leaf
prologize||prologize.v.01	write||write.v.01	pseudo leaf
compare||compare.v.03	equal||equal.v.01	pseudo leaf
delouse||delouse.v.01	change||change.v.01	pseudo leaf
kick||kick.v.04	force||force.v.06	pseudo leaf
achieve||achieve.v.01	succeed||succeed.v.01	pseudo leaf
drop_out||drop_out.v.01	abandon||abandon.v.05	pseudo leaf
evangelize||evangelize.v.02	convert||convert.v.05	pseudo leaf
feed||feed.v.10	provide||provide.v.02	pseudo leaf
give_the_eye||give_the_eye.v.01	look||look.v.01	pseudo leaf
outsell||outsell.v.02	exploit||exploit.v.02	pseudo leaf
disinter||disinter.v.01	expose||expose.v.03	pseudo leaf
islamize||islamize.v.02	convert||convert.v.05	pseudo leaf
precipitate||precipitate.v.02	separate||separate.v.12	pseudo leaf
come||come.v.06	exist||exist.v.01	pseudo leaf
contain||contain.v.05	accommodate||accommodate.v.04	seat||seat.v.02
attorn||attorn.v.01	declare||declare.v.04	pseudo leaf
stack||stack.v.01	implant||implant.v.01	repot||repot.v.01
say||say.v.07	interact||interact.v.01	pseudo leaf
uncover||uncover.v.01	flaunt||flaunt.v.01	pseudo leaf
expiate||expiate.v.01	better||better.v.02	pseudo leaf
percolate||percolate.v.05	enter||enter.v.01	pseudo leaf
presuppose||presuppose.v.02	necessitate||necessitate.v.01	pseudo leaf
popularize||popularize.v.01	determine||determine.v.02	pseudo leaf
comb||comb.v.01	stiffen||stiffen.v.02	pseudo leaf
budget_for||budget_for.v.01	estimate||estimate.v.01	pseudo leaf
coerce||coerce.v.01	induce||induce.v.02	pseudo leaf
hack||hack.v.08	blow||blow.v.01	pseudo leaf
bayonet||bayonet.v.01	kill||kill.v.01	pseudo leaf
subtract||subtract.v.01	enrich||enrich.v.02	pseudo leaf
waste||waste.v.02	use||use.v.01	pseudo leaf
equip||equip.v.02	give||give.v.03	pseudo leaf
joke||joke.v.01	hash_out||hash_out.v.01	pseudo leaf
outsell||outsell.v.02	exploit||exploit.v.02	pseudo leaf
barber||barber.v.01	perform||perform.v.01	pseudo leaf
score||score.v.04	compose||compose.v.02	set_to_music||set_to_music.v.01
sideline||sideline.v.01	open||open.v.01	pseudo leaf
fail||fail.v.06	pseudo root	anticipate||anticipate.v.03
toggle||toggle.v.02	fasten||fasten.v.01	pseudo leaf
tidy||tidy.v.01	houseclean||houseclean.v.01	spring-clean||spring-clean.v.01
exsert||exsert.v.01	spread||spread.v.01	pseudo leaf
rubify||rubify.v.01	color||color.v.01	pseudo leaf
color||color.v.04	change||change.v.01	pseudo leaf
gate||gate.v.02	manipulate||manipulate.v.02	pseudo leaf
annoy||annoy.v.01	confuse||confuse.v.03	pseudo leaf
plasticize||plasticize.v.02	harden||harden.v.02	pseudo leaf
delight||delight.v.02	pseudo root	pseudo leaf
ask||ask.v.05	tell||tell.v.02	pseudo leaf
blindfold||blindfold.v.01	hide||hide.v.01	pseudo leaf
compromise||compromise.v.03	hide||hide.v.01	pseudo leaf
brigade||brigade.v.01	cluster||cluster.v.01	pseudo leaf
hand-pick||hand-pick.v.01	arrange||arrange.v.06	pseudo leaf
club||club.v.03	hit||hit.v.03	pseudo leaf
loop||loop.v.05	join||join.v.04	pseudo leaf
declaim||declaim.v.01	read||read.v.03	pseudo leaf
align||align.v.02	match||match.v.01	pseudo leaf
tattoo||tattoo.v.01	dye||dye.v.01	pseudo leaf
desulfurize||desulfurize.v.01	get_rid_of||get_rid_of.v.01	pseudo leaf
hydrolyze||hydrolyze.v.01	change||change.v.02	pole||pole.v.03
move||move.v.03	pseudo root	cock||cock.v.01
dissimilate||dissimilate.v.02	militarize||militarize.v.01	pseudo leaf
chug||chug.v.01	make_noise||make_noise.v.01	pseudo leaf
break||break.v.40	hit||hit.v.01	pseudo leaf
brandish||brandish.v.01	move||move.v.02	pseudo leaf
whine||whine.v.03	make_noise||make_noise.v.01	pseudo leaf
line_up||line_up.v.03	sit||sit.v.01	pseudo leaf
pullulate||pullulate.v.04	increase||increase.v.02	pseudo leaf
destroy||destroy.v.04	destroy||destroy.v.01	pseudo leaf
solve||solve.v.01	understand||understand.v.01	pseudo leaf
understand||understand.v.03	interact||interact.v.01	pseudo leaf
disperse||disperse.v.04	recumb||recumb.v.01	pseudo leaf
birdlime||birdlime.v.01	strew||strew.v.01	pseudo leaf
learn||learn.v.04	pseudo root	flick||flick.v.02
dither||dither.v.01	act||act.v.01	pseudo leaf
overflow||overflow.v.01	flush||flush.v.02	pseudo leaf
saltate||saltate.v.02	dance||dance.v.02	pseudo leaf
dilute||test.test.568	raise||raise.v.01	pseudo leaf
explode||explode.v.03	react||react.v.01	pseudo leaf
close||close.v.08	move||move.v.15	pseudo leaf
bloom||bloom.v.01	produce||produce.v.02	pseudo leaf
render||render.v.04	give||give.v.03	pseudo leaf
believe||believe.v.01	accept||accept.v.01	pseudo leaf
transfer||transfer.v.09	transfer||transfer.v.05	pseudo leaf
butt||butt.v.02	rap||rap.v.01	pseudo leaf
cuff||cuff.v.01	hit||hit.v.03	pseudo leaf
outbid||outbid.v.02	offer||offer.v.07	pseudo leaf
thank||thank.v.01	interact||interact.v.01	give||give.v.05
go_to_pot||go_to_pot.v.01	disappear||disappear.v.01	pseudo leaf
hold_down||hold_down.v.01	check||check.v.07	pseudo leaf
flabbergast||flabbergast.v.01	anger||anger.v.02	pseudo leaf
skim||skim.v.06	remove||remove.v.01	pseudo leaf
form||form.v.01	join||join.v.01	pseudo leaf
spill_the_beans||spill_the_beans.v.01	unwrap||unwrap.v.02	confide||confide.v.01
name||name.v.02	designate||designate.v.01	number||number.v.02
interview||interview.v.03	cross-file||cross-file.v.01	pseudo leaf
catcall||catcall.v.01	utter||utter.v.02	pseudo leaf
solo||solo.v.01	fly||fly.v.03	pseudo leaf
remember||remember.v.05	mention||mention.v.01	pseudo leaf
seek||seek.v.04	feel||feel.v.08	grope_for||grope_for.v.01
curse||curse.v.02	suggest||suggest.v.05	pseudo leaf
stray||stray.v.02	travel_by||travel_by.v.01	pseudo leaf
come_in_for||come_in_for.v.01	pseudo root	pseudo leaf
mar||mar.v.01	shorten||shorten.v.03	pseudo leaf
announce||announce.v.04	declare||declare.v.01	pseudo leaf
bail_out||bail_out.v.02	dislodge||dislodge.v.03	pseudo leaf
machicolate||machicolate.v.01	give||give.v.03	pseudo leaf
stain||stain.v.01	color||color.v.01	tincture||tincture.v.02
puzzle_over||puzzle_over.v.01	understand||understand.v.01	pseudo leaf
groom||groom.v.03	use||use.v.01	pseudo leaf
forget||forget.v.02	pseudo root	take||take.v.15
think||think.v.09	chew_over||chew_over.v.01	cogitate||cogitate.v.01
constitute||constitute.v.01	join||join.v.01	pseudo leaf
take||take.v.06	interpret||interpret.v.01	pseudo leaf
drain_the_cup||drain_the_cup.v.01	drink||drink.v.01	pseudo leaf
spend||spend.v.01	pseudo root	breathe||breathe.v.02
improvise||improvise.v.01	perform||perform.v.01	pseudo leaf
stay||stay.v.10	fasten||fasten.v.01	pseudo leaf
find||find.v.10	get||get.v.01	pseudo leaf
reopen||reopen.v.01	pseudo root	pseudo leaf
tag||tag.v.05	author||author.v.01	pseudo leaf
capitalize||capitalize.v.01	permit||permit.v.01	pseudo leaf
cling||cling.v.02	occupy||occupy.v.03	pseudo leaf
people||people.v.02	power||power.v.01	pseudo leaf
forge||forge.v.04	proceed||proceed.v.02	pseudo leaf
writhe||writhe.v.01	pseudo root	shrink_back||shrink_back.v.01
misperceive||misperceive.v.01	notice||notice.v.02	pseudo leaf
deal||deal.v.12	transfer||transfer.v.01	pseudo leaf
emasculate||emasculate.v.01	weaken||weaken.v.02	pseudo leaf
encase||encase.v.01	enclose||enclose.v.02	pseudo leaf
splash||splash.v.06	spot||spot.v.04	pseudo leaf
drop||drop.v.07	discontinue||discontinue.v.01	pseudo leaf
fall||fall.v.12	bequeath||bequeath.v.01	pseudo leaf
territorialize||territorialize.v.01	develop||develop.v.01	pseudo leaf
broach||broach.v.01	rede||rede.v.02	pseudo leaf
cheer||cheer.v.05	encourage||encourage.v.02	pseudo leaf
juggle||juggle.v.03	work||work.v.01	pseudo leaf
spice||spice.v.01	modify||modify.v.01	pseudo leaf
receive||receive.v.06	accept||accept.v.01	pseudo leaf
hand_down||hand_down.v.01	pass_on||pass_on.v.04	pseudo leaf
brush||brush.v.04	guide||guide.v.05	rub||rub.v.01
roll||roll.v.15	pronounce||pronounce.v.01	pseudo leaf
misplay||misplay.v.01	play||play.v.03	pseudo leaf
keep_step||keep_step.v.01	continue||continue.v.01	pseudo leaf
flambe||flambe.v.01	exude||exude.v.01	pseudo leaf
get_through||get_through.v.01	complete||complete.v.01	pseudo leaf
giggle||giggle.v.01	laugh||laugh.v.01	convulse||convulse.v.02
mark_down||mark_down.v.01	price||price.v.01	pseudo leaf
crystallize||crystallize.v.04	change||change.v.02	pseudo leaf
requisition||requisition.v.02	procure||procure.v.01	pseudo leaf
take_the_floor||take_the_floor.v.01	dance||dance.v.01	pseudo leaf
shipwreck||shipwreck.v.04	destroy||destroy.v.01	pseudo leaf
stave_in||stave_in.v.01	break||break.v.05	pseudo leaf
fret||fret.v.05	confuse||confuse.v.03	pseudo leaf
co-opt||co-opt.v.02	change||change.v.01	pseudo leaf
ruffle||ruffle.v.08	fancify||fancify.v.01	pseudo leaf
take_orders||take_orders.v.01	use||use.v.01	pseudo leaf
underline||underline.v.02	mark||mark.v.05	pseudo leaf
gobsmack||val.withdef.72	touch||touch.v.03	pseudo leaf
atomize||atomize.v.01	spray||spray.v.02	pseudo leaf
deserve||deserve.v.01	depend||depend.v.01	hang_by_a_thread||hang_by_a_thread.v.01
barber||barber.v.01	perform||perform.v.01	pseudo leaf
get_off_the_ground||get_off_the_ground.v.01	pseudo root	pseudo leaf
overwork||overwork.v.01	work||work.v.12	pseudo leaf
flex||flex.v.01	tighten||tighten.v.02	pseudo leaf
throw||throw.v.08	exercise||exercise.v.04	pseudo leaf
plaster||plaster.v.04	coat||coat.v.01	plaster||plaster.v.05
refocus||refocus.v.02	focus||focus.v.02	refocus||refocus.v.01
tank||tank.v.01	get_rid_of||get_rid_of.v.01	pseudo leaf
mutate||mutate.v.01	change||change.v.02	pseudo leaf
bear_down||bear_down.v.04	strengthen||strengthen.v.02	pseudo leaf
guard||guard.v.04	act||act.v.02	pseudo leaf
avail||avail.v.03	exploit||exploit.v.01	pseudo leaf
destroy||destroy.v.02	unmake||unmake.v.01	pseudo leaf
foal||foal.v.01	give_birth||give_birth.v.01	pseudo leaf
ride||ride.v.01	travel||travel.v.05	pseudo leaf
continue||continue.v.10	be||be.v.03	pseudo leaf
regenerate||regenerate.v.08	change||change.v.02	pseudo leaf
tumble||tumble.v.09	wet||wet.v.01	pseudo leaf
rip||rip.v.04	knock||knock.v.06	pseudo leaf
caper||caper.v.01	travel||travel.v.01	pseudo leaf
confer||confer.v.02	choose||choose.v.01	pseudo leaf
rebel||rebel.v.02	demolish||demolish.v.03	pseudo leaf
discolor||discolor.v.03	change||change.v.02	pseudo leaf
turn_off||turn_off.v.03	affect||affect.v.05	pseudo leaf
mudwrestle||mudwrestle.v.01	foul||foul.v.04	pseudo leaf
clap_up||clap_up.v.01	write||write.v.07	pseudo leaf
entice||entice.v.01	persuade||persuade.v.02	pseudo leaf
wash||wash.v.03	cleanse||cleanse.v.01	scrub_in||train.withdef.96
devitalize||devitalize.v.01	change||change.v.02	pseudo leaf
sheathe||sheathe.v.01	envelop||envelop.v.01	pseudo leaf
mismate||mismate.v.01	provide||provide.v.02	pseudo leaf
buckle||buckle.v.02	fold||fold.v.01	collapse||collapse.v.03
shriek||shriek.v.01	utter||utter.v.02	pseudo leaf
auscultate||auscultate.v.01	analyze||analyze.v.01	pseudo leaf
debut||debut.v.03	make||make.v.16	pseudo leaf
impend||impend.v.01	exist||exist.v.01	pseudo leaf
twist||twist.v.03	revolve||revolve.v.01	screw||screw.v.03
rejuvenate||rejuvenate.v.03	change||change.v.01	pseudo leaf
outfox||outfox.v.01	disobey||disobey.v.01	pseudo leaf
rack||rack.v.06	fly||fly.v.01	pseudo leaf
sonnet||sonnet.v.02	write||write.v.01	pseudo leaf
maroon||maroon.v.02	abandon||abandon.v.05	pseudo leaf
nap||nap.v.01	drink||drink.v.01	pseudo leaf
lighten||lighten.v.03	cheer||cheer.v.04	pseudo leaf
unfold||unfold.v.02	show||show.v.04	pseudo leaf
woo||woo.v.02	act||act.v.02	pseudo leaf
broil||broil.v.02	heat||heat.v.01	pseudo leaf
quadruplicate||quadruplicate.v.01	reproduce||reproduce.v.01	triplicate||triplicate.v.01
bear||bear.v.06	bribe||bribe.v.01	pseudo leaf
attitudinize||attitudinize.v.01	include||include.v.01	pseudo leaf
handwrite||handwrite.v.01	type||type.v.01	pseudo leaf
place||place.v.16	sing||sing.v.02	pseudo leaf
coin||coin.v.01	add||add.v.01	pseudo leaf
keep_note||keep_note.v.01	measure||measure.v.03	pseudo leaf
cut_out||cut_out.v.06	separate||separate.v.08	pseudo leaf
blame||blame.v.02	reprimand||reprimand.v.01	pseudo leaf
canker||canker.v.02	anesthetize||anesthetize.v.01	pseudo leaf
pack||pack.v.04	transport||transport.v.02	pseudo leaf
revise||revise.v.01	design||design.v.03	pseudo leaf
err||err.v.01	learn||learn.v.02	pseudo leaf
transship||transship.v.01	transport||transport.v.01	pseudo leaf
tumble||tumble.v.06	flip||flip.v.06	pseudo leaf
transition||transition.v.01	change||change.v.01	pseudo leaf
talk||talk.v.01	chew_the_fat||chew_the_fat.v.01	shmooze||shmooze.v.01
drag_on||drag_on.v.01	last||last.v.01	pseudo leaf
develop||develop.v.09	change||change.v.02	pseudo leaf
recover||recover.v.04	store||store.v.01	pseudo leaf
ice||ice.v.03	drench||drench.v.04	pseudo leaf
elongate||elongate.v.01	widen||widen.v.03	pseudo leaf
foot||foot.v.01	pay||pay.v.01	pseudo leaf
match||match.v.05	imitate||imitate.v.01	go_by||go_by.v.04
partake||partake.v.03	consume||consume.v.02	pseudo leaf
outmarch||outmarch.v.01	pace||pace.v.02	pseudo leaf
manifold||manifold.v.01	copy||copy.v.04	trace||trace.v.07
demythologize||demythologize.v.01	get_rid_of||get_rid_of.v.01	pseudo leaf
take_over||take_over.v.03	free||free.v.06	pseudo leaf
differ||differ.v.01	equal||equal.v.01	pseudo leaf
rub||rub.v.03	graze||graze.v.04	pseudo leaf
monopolize||monopolize.v.02	exploit||exploit.v.02	pseudo leaf
outspan||outspan.v.01	unhitch||unhitch.v.01	pseudo leaf
tomahawk||tomahawk.v.02	kill||kill.v.01	pseudo leaf
slip||slip.v.07	pass||pass.v.01	pseudo leaf
avail||avail.v.01	exploit||exploit.v.01	use||use.v.04
machicolate||machicolate.v.01	give||give.v.03	pseudo leaf
return||return.v.16	request||request.v.01	pseudo leaf
pimp_out||train.withdef.230	better||better.v.02	pseudo leaf
x-ray||x-ray.v.01	find||find.v.03	pseudo leaf
lose||lose.v.01	pseudo root	pseudo leaf
whish||whish.v.02	travel||travel.v.01	pseudo leaf
flee||flee.v.01	scat||scat.v.01	break||break.v.19
curb||curb.v.03	hold||hold.v.14	pseudo leaf
seed||seed.v.07	bind||bind.v.03	pseudo leaf
embargo||embargo.v.01	suspend||suspend.v.03	pseudo leaf
enshrine||enshrine.v.02	attract||attract.v.02	pseudo leaf
overgrow||overgrow.v.01	grow||grow.v.02	pseudo leaf
feast||feast.v.02	eat||eat.v.02	pseudo leaf
befriend||befriend.v.01	bind||bind.v.02	pseudo leaf
subtilize||subtilize.v.03	stimulate||stimulate.v.04	pseudo leaf
cook||cook.v.01	process||process.v.01	pseudo leaf
camp||camp.v.03	change||change.v.01	pseudo leaf
concuss||concuss.v.02	injure||injure.v.01	pseudo leaf
anagram||anagram.v.01	repeat||repeat.v.04	pseudo leaf
spurt||spurt.v.01	run||run.v.06	pseudo leaf
attest||attest.v.02	attest||attest.v.01	notarize||notarize.v.01
pick||pick.v.05	remove||remove.v.01	pseudo leaf
carry||carry.v.23	tend||tend.v.02	pseudo leaf
peep||peep.v.02	visualize||visualize.v.02	pseudo leaf
strap||strap.v.04	tie||tie.v.01	pseudo leaf
outlive||outlive.v.01	wait||wait.v.01	pseudo leaf
postdate||postdate.v.01	exist||exist.v.01	pseudo leaf
dub||dub.v.01	indicate||indicate.v.02	pseudo leaf
blind||blind.v.02	sensitize||sensitize.v.02	pseudo leaf
powderize||powderize.v.02	dissolve||dissolve.v.02	pseudo leaf
tug||tug.v.02	compete||compete.v.01	pseudo leaf
stratify||stratify.v.01	create||create.v.05	pseudo leaf
undo||undo.v.03	break||break.v.10	pseudo leaf
probe||probe.v.02	analyze||analyze.v.01	pseudo leaf
perceive||perceive.v.02	spy||spy.v.03	pseudo leaf
impeach||impeach.v.01	defame||defame.v.01	pseudo leaf
reassail||reassail.v.01	pseudo root	rumpus||rumpus.v.01
keep_up||keep_up.v.01	keep||keep.v.01	pseudo leaf
paw||paw.v.02	pseudo root	pseudo leaf
bundle_off||bundle_off.v.01	dislodge||dislodge.v.03	pseudo leaf
lexicalize||lexicalize.v.01	design||design.v.04	pseudo leaf
mold||mold.v.05	join||join.v.04	pseudo leaf
revitalize||revitalize.v.02	change_by_reversal||change_by_reversal.v.01	pseudo leaf
welter||welter.v.01	pseudo root	pseudo leaf
choreograph||choreograph.v.01	compose||compose.v.02	pseudo leaf
blow||blow.v.06	shape||shape.v.03	pseudo leaf
carry||carry.v.02	interact||interact.v.01	pseudo leaf
add||add.v.06	record||record.v.01	pseudo leaf
retrain||retrain.v.02	brace||brace.v.03	pseudo leaf
lam_into||lam_into.v.01	hit||hit.v.02	pseudo leaf
form||form.v.07	change||change.v.02	pseudo leaf
mortgage||mortgage.v.01	pay||pay.v.01	pseudo leaf
divaricate||divaricate.v.02	change_shape||change_shape.v.01	unfold||unfold.v.03
fort||fort.v.03	station||station.v.01	garrison||garrison.v.01
guillotine||guillotine.v.01	kill||kill.v.01	pseudo leaf
meddle||meddle.v.01	pursue||pursue.v.04	pseudo leaf
resolve||resolve.v.05	distinguish||distinguish.v.01	pseudo leaf
bounce||bounce.v.07	take_out||take_out.v.01	pseudo leaf
play_back||play_back.v.01	design||design.v.04	pseudo leaf
give||give.v.20	transport||transport.v.02	pseudo leaf
scoop_out||scoop_out.v.01	dig||dig.v.01	pseudo leaf
stunt||stunt.v.02	perform||perform.v.01	pseudo leaf
case||case.v.01	search||search.v.01	pseudo leaf
give||give.v.08	give||give.v.01	pseudo leaf
slink||slink.v.01	walk||walk.v.01	pseudo leaf
fowl||fowl.v.01	hunt||hunt.v.01	pseudo leaf
infuriate||infuriate.v.01	confuse||confuse.v.03	pseudo leaf
equip||equip.v.02	give||give.v.03	pseudo leaf
drink_in||drink_in.v.01	know||know.v.01	pseudo leaf
thicken||thicken.v.03	change||change.v.01	pseudo leaf
bestow||bestow.v.02	interact||interact.v.01	pseudo leaf
goad||goad.v.02	prod||prod.v.02	pseudo leaf
percolate||percolate.v.02	intensify||intensify.v.03	pseudo leaf
grow_up||grow_up.v.01	mature||mature.v.01	pseudo leaf
lay_over||lay_over.v.01	stop||stop.v.04	pseudo leaf
abstain||abstain.v.01	refrain||refrain.v.01	pseudo leaf
jump||jump.v.01	travel||travel.v.01	pseudo leaf
excrete||excrete.v.01	exhaust||exhaust.v.05	pseudo leaf
brachiate||brachiate.v.01	advance||advance.v.05	pseudo leaf
seek_out||seek_out.v.01	search||search.v.01	pseudo leaf
carry||carry.v.17	communicate||communicate.v.05	pseudo leaf
enjoy||enjoy.v.01	pseudo root	pseudo leaf
fry||fry.v.01	emit||emit.v.02	pseudo leaf
unchain||unchain.v.02	confine||confine.v.03	pseudo leaf
face||face.v.08	line||line.v.02	pseudo leaf
personify||personify.v.03	mention||mention.v.01	pseudo leaf
fend||fend.v.01	work||work.v.01	pseudo leaf
assume||assume.v.02	work||work.v.02	pseudo leaf
place||place.v.15	race||race.v.02	pseudo leaf
radiate||radiate.v.05	odorize||odorize.v.01	pseudo leaf
cense||cense.v.01	dye||dye.v.01	pseudo leaf
ream||ream.v.03	spot||spot.v.04	pseudo leaf
take_the_bull_by_the_horns||take_the_bull_by_the_horns.v.01	contend||contend.v.06	pseudo leaf
disavow||disavow.v.01	dismiss||dismiss.v.01	slight||slight.v.01
rectify||rectify.v.06	convert||convert.v.02	pseudo leaf
queer||queer.v.02	hold||hold.v.10	pseudo leaf
piggyback||piggyback.v.01	travel||travel.v.05	pseudo leaf
hem_in||hem_in.v.01	defend||defend.v.02	pseudo leaf
full||full.v.02	change_shape||change_shape.v.01	pseudo leaf
rig||rig.v.03	join||join.v.04	pseudo leaf
joyride||joyride.v.01	travel||travel.v.05	pseudo leaf
ignore||ignore.v.05	react||react.v.01	pseudo leaf
tweedle||tweedle.v.01	sing||sing.v.01	pseudo leaf
allow||allow.v.03	give||give.v.03	pseudo leaf
jaundice||jaundice.v.02	compress||compress.v.02	pseudo leaf
mound||mound.v.01	change_surface||change_surface.v.01	pseudo leaf
raid||raid.v.04	search||search.v.04	pseudo leaf
rate||rate.v.01	measure||measure.v.04	pseudo leaf
deny||deny.v.07	dismiss||dismiss.v.01	pseudo leaf
recuperate||recuperate.v.03	better||better.v.02	pseudo leaf
crumb||crumb.v.02	break_up||break_up.v.16	pseudo leaf
impel||impel.v.01	rede||rede.v.02	pseudo leaf
initial||initial.v.01	affix||affix.v.03	pseudo leaf
doubt||doubt.v.01	distrust||distrust.v.01	doubt||doubt.v.02
sizzle||sizzle.v.02	feel||feel.v.01	pseudo leaf
grate||grate.v.04	pop||pop.v.03	pseudo leaf
assay||assay.v.01	understand||understand.v.01	pseudo leaf
decline||decline.v.06	decline||decline.v.04	drop||drop.v.03
disprove||disprove.v.01	prove||prove.v.02	negate||negate.v.03
date||date.v.01	officiate||officiate.v.01	pseudo leaf
counter-drill||counter-drill.v.01	aim||aim.v.01	pseudo leaf
route||route.v.01	bring_in||bring_in.v.01	pseudo leaf
personify||personify.v.03	mention||mention.v.01	pseudo leaf
overdress||overdress.v.02	cover||cover.v.01	pseudo leaf
supply||supply.v.01	power||power.v.01	pseudo leaf
toll||toll.v.01	resound||resound.v.01	pseudo leaf
point||point.v.10	lie||lie.v.01	pseudo leaf
sluice||sluice.v.03	bring||bring.v.01	pseudo leaf
dovetail||dovetail.v.01	seam||seam.v.01	pseudo leaf
falsify||falsify.v.04	widen||widen.v.03	pseudo leaf
transpire||transpire.v.02	exhaust||exhaust.v.05	pseudo leaf
spirit_away||spirit_away.v.01	chase_away||chase_away.v.01	pseudo leaf
earth||earth.v.01	arm||arm.v.01	pseudo leaf
recommend||recommend.v.01	challenge||challenge.v.02	pseudo leaf
square||square.v.01	shape||shape.v.03	pseudo leaf
hack||hack.v.06	design||design.v.03	pseudo leaf
coapt||coapt.v.01	change||change.v.01	pseudo leaf
reecho||reecho.v.01	resonate||resonate.v.01	pseudo leaf
raft||raft.v.03	raise||raise.v.02	pseudo leaf
swamp||swamp.v.01	dunk||dunk.v.01	pseudo leaf
flag||flag.v.02	give||give.v.03	pseudo leaf
beacon||beacon.v.01	flash||flash.v.01	pseudo leaf
fruit||fruit.v.02	reproduce||reproduce.v.02	pseudo leaf
violate||violate.v.01	comply||comply.v.01	pseudo leaf
discriminate||discriminate.v.02	distinguish||distinguish.v.01	pseudo leaf
set_about||set_about.v.01	manage||manage.v.02	pseudo leaf
yawn||yawn.v.01	express_emotion||express_emotion.v.01	pseudo leaf
censor||censor.v.02	introduce||introduce.v.02	pseudo leaf
swim||swim.v.04	pseudo root	pseudo leaf
embank||embank.v.01	enclose||enclose.v.02	pseudo leaf
drag||drag.v.10	inflict||inflict.v.01	pseudo leaf
miniate||miniate.v.02	change||change.v.01	pseudo leaf
fracture||fracture.v.05	break_in||break_in.v.05	pseudo leaf
grudge||grudge.v.02	accept||accept.v.02	pseudo leaf
supply||supply.v.01	power||power.v.01	pseudo leaf
stalinize||stalinize.v.01	develop||develop.v.12	pseudo leaf
break_down||break_down.v.03	postpone||postpone.v.01	pseudo leaf
renegociate||renegociate.v.02	settle||settle.v.14	pseudo leaf
apostatize||apostatize.v.01	abandon||abandon.v.02	pseudo leaf
burn||burn.v.05	erode||erode.v.02	pseudo leaf
outsail||outsail.v.01	sail||sail.v.03	pseudo leaf
plant||plant.v.01	put||put.v.01	pseudo leaf
flow||flow.v.03	transmit||transmit.v.04	pseudo leaf
impress||impress.v.02	affect||affect.v.05	pseudo leaf
charge||charge.v.08	fill||fill.v.01	pseudo leaf
sandpaper||sandpaper.v.01	scrub||scrub.v.01	pseudo leaf
batten||batten.v.02	fasten||fasten.v.01	pseudo leaf
center_punch||center_punch.v.01	stick_out||stick_out.v.01	pseudo leaf
sluice||sluice.v.02	drench||drench.v.04	pseudo leaf
unionize||unionize.v.01	hire||hire.v.01	pseudo leaf
parcel||parcel.v.02	line||line.v.02	pseudo leaf
dramatize||dramatize.v.02	mock||mock.v.02	pseudo leaf
redeem||redeem.v.05	account||account.v.02	pseudo leaf
trace||trace.v.05	detect||detect.v.01	pseudo leaf
undercut||undercut.v.02	carve||carve.v.03	pseudo leaf
be||be.v.01	pseudo root	pseudo leaf
crank||crank.v.04	fasten||fasten.v.01	pseudo leaf
bed_down||bed_down.v.01	sleep||sleep.v.01	pseudo leaf
redevelop||redevelop.v.03	calculate||calculate.v.01	pseudo leaf
shorten||shorten.v.01	shrink||shrink.v.03	miniaturize||miniaturize.v.01
loop||loop.v.02	wind||wind.v.03	pseudo leaf
precipitate||precipitate.v.02	separate||separate.v.12	pseudo leaf
ionize||ionize.v.02	change||change.v.02	pseudo leaf
shlep||shlep.v.02	drag||drag.v.01	pseudo leaf
feel||feel.v.04	pseudo root	pseudo leaf
grab||grab.v.06	stimulate||stimulate.v.03	pseudo leaf
tender||tender.v.01	contract||contract.v.01	pseudo leaf
wring||wring.v.04	flatten||flatten.v.02	pseudo leaf
jettison||jettison.v.01	abandon||abandon.v.01	pseudo leaf
skin_over||skin_over.v.01	soften||soften.v.07	pseudo leaf
blare_out||blare_out.v.01	announce||announce.v.01	pseudo leaf
enlighten||enlighten.v.01	clarify||clarify.v.01	demystify||demystify.v.01
mill||mill.v.04	dig||dig.v.02	pseudo leaf
compound||compound.v.04	integrate||integrate.v.03	pseudo leaf
flour||flour.v.02	cook||cook.v.03	pseudo leaf
beat_up||beat_up.v.02	gather||gather.v.01	pseudo leaf
borrow||borrow.v.01	obtain||obtain.v.01	pseudo leaf
parallel||parallel.v.01	lie||lie.v.01	pseudo leaf
aggrade||aggrade.v.01	wrinkle||wrinkle.v.02	pseudo leaf
spell||spell.v.01	pronounce||pronounce.v.01	pseudo leaf
project||project.v.06	show||show.v.04	pseudo leaf
expectorate||expectorate.v.02	emit||emit.v.01	pseudo leaf
grab||grab.v.05	snatch||snatch.v.01	pseudo leaf
have||have.v.02	pseudo root	pseudo leaf
decoct||decoct.v.01	remove||remove.v.01	pseudo leaf
peep||peep.v.01	look||look.v.01	pseudo leaf
tinker||tinker.v.03	stress||stress.v.01	pseudo leaf
spar||spar.v.03	tie_down||tie_down.v.01	pseudo leaf
line_one's_pockets||line_one's_pockets.v.01	profit||profit.v.01	pseudo leaf
dump||dump.v.01	take||take.v.08	pseudo leaf
uproot||uproot.v.03	tie||tie.v.01	pseudo leaf
skim||skim.v.04	shake||shake.v.01	pseudo leaf
litter||litter.v.03	give_birth||give_birth.v.01	pseudo leaf
aspirate||aspirate.v.02	pronounce||pronounce.v.01	pseudo leaf
target||target.v.01	plan||plan.v.01	pseudo leaf
synchronize||synchronize.v.04	align||align.v.01	pseudo leaf
ask||ask.v.07	claim||claim.v.03	pseudo leaf
intercede||intercede.v.01	ally||ally.v.01	pseudo leaf
locate||locate.v.01	visualize||visualize.v.02	pseudo leaf
blackmail||blackmail.v.01	extort||extort.v.01	pseudo leaf
diagonalize||diagonalize.v.01	transform||transform.v.01	pseudo leaf
barbeque||barbeque.v.01	roast||roast.v.01	pseudo leaf
chance||chance.v.01	succeed||succeed.v.01	pseudo leaf
pulsate||pulsate.v.02	move||move.v.02	pseudo leaf
snog||snog.v.01	utter||utter.v.02	pseudo leaf
apologize||apologize.v.02	think||think.v.01	pseudo leaf
tie||tie.v.09	join||join.v.02	pseudo leaf
cancel||cancel.v.03	charge||charge.v.03	pseudo leaf
vanish||vanish.v.04	end||end.v.01	pseudo leaf
abridge||abridge.v.02	decrease||decrease.v.02	pseudo leaf
clean||clean.v.10	remove||remove.v.01	pseudo leaf
die||die.v.02	abandon||abandon.v.05	pseudo leaf
harmonize||harmonize.v.05	standardize||standardize.v.01	pseudo leaf
unplug||unplug.v.01	separate||separate.v.02	pseudo leaf
bring_home||bring_home.v.01	sensitize||sensitize.v.02	pseudo leaf
project||project.v.08	tell||tell.v.02	pseudo leaf
burst||burst.v.01	decline||decline.v.05	pseudo leaf
disabuse||disabuse.v.01	exempt||exempt.v.01	pseudo leaf
leave_off||leave_off.v.03	discontinue||discontinue.v.01	pseudo leaf
gag||gag.v.04	feign||feign.v.01	pseudo leaf
raven||raven.v.04	provide||provide.v.02	pseudo leaf
cool||cool.v.02	change||change.v.01	chafe||chafe.v.06
scald||scald.v.03	change||change.v.01	pseudo leaf
foul||foul.v.05	tarnish||tarnish.v.01	darken||darken.v.02
unveil||unveil.v.01	take||take.v.08	pseudo leaf
quieten||quieten.v.01	change||change.v.02	pseudo leaf
string||string.v.01	mark||mark.v.05	pseudo leaf
outrival||outrival.v.01	risk||risk.v.01	pseudo leaf
kick||kick.v.01	hit||hit.v.01	pseudo leaf
budget_for||budget_for.v.01	estimate||estimate.v.01	pseudo leaf
operate||operate.v.03	work||work.v.12	pseudo leaf
overcome||overcome.v.02	compete||compete.v.01	pseudo leaf
fib||fib.v.01	rethink||rethink.v.01	pseudo leaf
drive||drive.v.15	pull||pull.v.04	pseudo leaf
clamp_down||clamp_down.v.01	hush||hush.v.02	pseudo leaf
drip||drip.v.01	run||run.v.06	pseudo leaf
inject||inject.v.03	pierce||pierce.v.05	pseudo leaf
answer||answer.v.09	suffice||suffice.v.01	pseudo leaf
trip_up||trip_up.v.01	detect||detect.v.01	pseudo leaf
conflict||conflict.v.01	endeavor||endeavor.v.01	pseudo leaf
classify||classify.v.01	create||create.v.05	pseudo leaf
ensky||ensky.v.01	promote||promote.v.01	pseudo leaf
begin||begin.v.02	pseudo root	pseudo leaf
control||control.v.05	influence||influence.v.01	pseudo leaf
block||block.v.14	shape||shape.v.03	pseudo leaf
dwindle||dwindle.v.01	decrease||decrease.v.01	pseudo leaf
derail||derail.v.01	pseudo root	riposte||riposte.v.01
wrap||wrap.v.04	roil||roil.v.02	pseudo leaf
rain||rain.v.01	overshoot||overshoot.v.02	pseudo leaf
stand_by||stand_by.v.01	work||work.v.01	pseudo leaf
make||make.v.35	exist||exist.v.01	pseudo leaf
rack||rack.v.06	fly||fly.v.01	pseudo leaf
lose||lose.v.02	fail||fail.v.02	pseudo leaf
attach||attach.v.02	intercommunicate||intercommunicate.v.01	pseudo leaf
glide-bomb||glide-bomb.v.01	bombard||bombard.v.02	pseudo leaf
electrocute||electrocute.v.02	kill||kill.v.10	pseudo leaf
draw||draw.v.33	pour||pour.v.01	pseudo leaf
rough-house||rough-house.v.01	act||act.v.02	pseudo leaf
copolymerize||copolymerize.v.01	shape||shape.v.03	pseudo leaf
scuffle||scuffle.v.02	battle||battle.v.01	pseudo leaf
instill||instill.v.01	introduce||introduce.v.02	pseudo leaf
strong-arm||strong-arm.v.01	handle||handle.v.04	pseudo leaf
bump||bump.v.03	dance||dance.v.02	pseudo leaf
drape||drape.v.02	put||put.v.01	pseudo leaf
elaborate||elaborate.v.02	develop||develop.v.01	pseudo leaf
reassail||reassail.v.01	pseudo root	rumpus||rumpus.v.01
slash||slash.v.03	cut||cut.v.01	pseudo leaf
glorify||glorify.v.02	recognize||recognize.v.09	rubricate||rubricate.v.01
butcher||butcher.v.01	murder||murder.v.01	pseudo leaf
effuse||effuse.v.03	emit||emit.v.02	pseudo leaf
compose||compose.v.01	integrate||integrate.v.03	pseudo leaf
drive_around||drive_around.v.01	pull||pull.v.03	pseudo leaf
regulate||regulate.v.01	determine||determine.v.02	pseudo leaf
contemn||contemn.v.01	perceive||perceive.v.01	pseudo leaf
prepare||prepare.v.05	better||better.v.02	habilitate||habilitate.v.01
relax||relax.v.06	change||change.v.01	pseudo leaf
pale||pale.v.01	change||change.v.02	pseudo leaf
rout||rout.v.03	flatten||flatten.v.01	pseudo leaf
roach||roach.v.01	flatten||flatten.v.01	pseudo leaf
note||note.v.01	convey||convey.v.01	pseudo leaf
hand-dye||hand-dye.v.01	dye||dye.v.01	pseudo leaf
distinguish||distinguish.v.03	identify||identify.v.01	pseudo leaf
cover||cover.v.04	draw||draw.v.36	pseudo leaf
bail||bail.v.01	exempt||exempt.v.01	pseudo leaf
decarbonate||decarbonate.v.01	change||change.v.02	pseudo leaf
reacquaint||reacquaint.v.01	familiarize||familiarize.v.01	orient||orient.v.04
communicate||communicate.v.02	convey||convey.v.03	pseudo leaf
eat_into||eat_into.v.01	blind||blind.v.01	pseudo leaf
collate||collate.v.01	concentrate||concentrate.v.02	pseudo leaf
exhaust||exhaust.v.04	misspend||misspend.v.01	pseudo leaf
swear||swear.v.03	promise||promise.v.01	pseudo leaf
fatten||fatten.v.01	change_taste||change_taste.v.01	pseudo leaf
prefix||prefix.v.01	affix||affix.v.03	pseudo leaf
lounge||lounge.v.01	sit||sit.v.01	sprawl||sprawl.v.01
cheat||cheat.v.01	victimize||victimize.v.03	pseudo leaf
grasp||grasp.v.01	snatch||snatch.v.01	pseudo leaf
invert||invert.v.01	represent||represent.v.09	pseudo leaf
hustle||hustle.v.05	induce||induce.v.02	pseudo leaf
dull||dull.v.07	change||change.v.01	pseudo leaf
sightread||sightread.v.01	perform||perform.v.03	play||play.v.03
clock_in||clock_in.v.01	report||report.v.03	pseudo leaf
prosecute||prosecute.v.03	act||act.v.01	pseudo leaf
prim||prim.v.01	senesce||senesce.v.01	pseudo leaf
touch||touch.v.05	pseudo root	wigwag||wigwag.v.01
semaphore||semaphore.v.01	pronounce||pronounce.v.01	pseudo leaf
reissue||reissue.v.02	edit||edit.v.01	pseudo leaf
chlorinate||chlorinate.v.01	process||process.v.01	pseudo leaf
revolutionize||revolutionize.v.01	change_by_reversal||change_by_reversal.v.01	pseudo leaf
recombine||recombine.v.01	change||change.v.02	pseudo leaf
transact||transact.v.01	work||work.v.01	pseudo leaf
shroud||shroud.v.01	roof||roof.v.01	pseudo leaf
format||format.v.01	edit||edit.v.01	pseudo leaf
face-lift||face-lift.v.01	operate_on||operate_on.v.01	pseudo leaf
manipulate||manipulate.v.06	draw||draw.v.36	pseudo leaf
fixate||fixate.v.02	watch||watch.v.05	pseudo leaf
buckram||buckram.v.01	stiffen||stiffen.v.02	pseudo leaf
reserve||reserve.v.01	keep||keep.v.03	pseudo leaf
float||float.v.02	float||float.v.03	pseudo leaf
infuscate||infuscate.v.01	darken||darken.v.03	pseudo leaf
evacuate||evacuate.v.05	exhaust||exhaust.v.05	pseudo leaf
windsurf||windsurf.v.01	boat||boat.v.01	pseudo leaf
thin_out||thin_out.v.02	weaken||weaken.v.02	pseudo leaf
scab||scab.v.01	change_surface||change_surface.v.01	pseudo leaf
calcify||calcify.v.04	convert||convert.v.02	pseudo leaf
bench||bench.v.01	remove||remove.v.02	pseudo leaf
undergird||undergird.v.01	support||support.v.01	pseudo leaf
begin||begin.v.03	pseudo root	keep||keep.v.12
wire||wire.v.01	equip||equip.v.01	pseudo leaf
star||star.v.01	pseudo root	pseudo leaf
smolder||smolder.v.02	feel||feel.v.01	pseudo leaf
update||update.v.01	distinguish||distinguish.v.01	pseudo leaf
throw||throw.v.04	position||position.v.01	pseudo leaf
approach||approach.v.01	come||come.v.01	pseudo leaf
water_ski||water_ski.v.01	boat||boat.v.01	pseudo leaf
toggle||toggle.v.01	attach||attach.v.01	pseudo leaf
stuff||stuff.v.05	fill||fill.v.01	pseudo leaf
jump_off||jump_off.v.01	depart||depart.v.04	pseudo leaf
fight||fight.v.02	rush||rush.v.02	pseudo leaf
